"","Duration","Amount","InstallmentRatePercentage","ResidenceDuration","Age","NumberExistingCredits","NumberPeopleMaintenance","Telephone","ForeignWorker","Class"
"1",6,1169,4,4,67,2,1,0,1,"Good"
"2",48,5951,2,2,22,1,1,1,1,"Bad"
"3",12,2096,2,3,49,1,2,1,1,"Good"
"4",42,7882,2,4,45,1,2,1,1,"Good"
"5",24,4870,3,4,53,2,2,1,1,"Bad"
"6",36,9055,2,4,35,1,2,0,1,"Good"
"7",24,2835,3,4,53,1,1,1,1,"Good"
"8",36,6948,2,2,35,1,1,0,1,"Good"
"9",12,3059,2,4,61,1,1,1,1,"Good"
"10",30,5234,4,2,28,2,1,1,1,"Bad"
"11",12,1295,3,1,25,1,1,1,1,"Bad"
"12",48,4308,3,4,24,1,1,1,1,"Bad"
"13",12,1567,1,1,22,1,1,0,1,"Good"
"14",24,1199,4,4,60,2,1,1,1,"Bad"
"15",15,1403,2,4,28,1,1,1,1,"Good"
"16",24,1282,4,2,32,1,1,1,1,"Bad"
"17",24,2424,4,4,53,2,1,1,1,"Good"
"18",30,8072,2,3,25,3,1,1,1,"Good"
"19",24,12579,4,2,44,1,1,0,1,"Bad"
"20",24,3430,3,2,31,1,2,0,1,"Good"
"21",9,2134,4,4,48,3,1,0,1,"Good"
"22",6,2647,2,3,44,1,2,1,1,"Good"
"23",10,2241,1,3,48,2,2,1,0,"Good"
"24",12,1804,3,4,44,1,1,1,1,"Good"
"25",10,2069,2,1,26,2,1,1,0,"Good"
"26",6,1374,1,2,36,1,1,0,1,"Good"
"27",6,426,4,4,39,1,1,1,1,"Good"
"28",12,409,3,3,42,2,1,1,1,"Good"
"29",7,2415,3,2,34,1,1,1,1,"Good"
"30",60,6836,3,4,63,2,1,0,1,"Bad"
"31",18,1913,3,3,36,1,1,0,1,"Good"
"32",24,4020,2,2,27,1,1,1,1,"Good"
"33",18,5866,2,2,30,2,1,0,1,"Good"
"34",12,1264,4,4,57,1,1,1,1,"Good"
"35",12,1474,4,1,33,1,1,0,1,"Good"
"36",45,4746,4,2,25,2,1,1,1,"Bad"
"37",48,6110,1,3,31,1,1,0,1,"Good"
"38",18,2100,4,2,37,1,1,1,1,"Bad"
"39",10,1225,2,2,37,1,1,0,1,"Good"
"40",9,458,4,3,24,1,1,1,1,"Good"
"41",30,2333,4,2,30,1,1,1,1,"Good"
"42",12,1158,3,1,26,1,1,0,1,"Good"
"43",18,6204,2,4,44,1,2,0,1,"Good"
"44",30,6187,1,4,24,2,1,1,1,"Good"
"45",48,6143,4,4,58,2,1,1,1,"Bad"
"46",11,1393,4,4,35,2,1,1,1,"Good"
"47",36,2299,4,4,39,1,1,1,1,"Good"
"48",6,1352,1,2,23,1,1,0,1,"Good"
"49",11,7228,1,4,39,2,1,1,1,"Good"
"50",12,2073,4,2,28,1,1,1,1,"Good"
"51",24,2333,4,2,29,1,1,1,1,"Good"
"52",27,5965,1,2,30,2,1,0,1,"Good"
"53",12,1262,3,2,25,1,1,1,1,"Good"
"54",18,3378,2,1,31,1,1,0,1,"Good"
"55",36,2225,4,4,57,2,1,0,1,"Bad"
"56",6,783,1,2,26,1,2,1,1,"Good"
"57",12,6468,2,1,52,1,1,0,1,"Bad"
"58",36,9566,2,2,31,2,1,1,1,"Good"
"59",18,1961,3,2,23,1,1,1,1,"Good"
"60",36,6229,4,4,23,2,1,0,1,"Bad"
"61",9,1391,2,1,27,1,1,0,1,"Good"
"62",15,1537,4,4,50,2,1,0,1,"Good"
"63",36,1953,4,4,61,1,1,0,1,"Bad"
"64",48,14421,2,2,25,1,1,0,1,"Bad"
"65",24,3181,4,4,26,1,1,0,1,"Good"
"66",27,5190,4,4,48,4,2,0,1,"Good"
"67",12,2171,2,2,29,1,1,1,1,"Good"
"68",12,1007,4,1,22,1,1,1,1,"Good"
"69",36,1819,4,4,37,1,1,0,1,"Bad"
"70",36,2394,4,4,25,1,1,1,1,"Good"
"71",36,8133,1,2,30,1,1,1,1,"Good"
"72",7,730,4,2,46,2,1,0,1,"Good"
"73",8,1164,3,4,51,2,2,0,1,"Good"
"74",42,5954,2,1,41,2,1,1,1,"Good"
"75",36,1977,4,4,40,1,1,0,1,"Bad"
"76",12,1526,4,4,66,2,1,1,1,"Good"
"77",42,3965,4,3,34,1,1,1,1,"Bad"
"78",11,4771,2,4,51,1,1,1,1,"Good"
"79",54,9436,2,2,39,1,2,1,1,"Good"
"80",30,3832,2,1,22,1,1,1,1,"Good"
"81",24,5943,1,1,44,2,1,0,1,"Bad"
"82",15,1213,4,3,47,1,1,0,1,"Good"
"83",18,1568,3,4,24,1,1,1,1,"Good"
"84",24,1755,4,4,58,1,1,0,1,"Good"
"85",10,2315,3,4,52,1,1,1,1,"Good"
"86",12,1412,4,2,29,2,1,0,1,"Good"
"87",18,1295,4,1,27,2,1,1,1,"Good"
"88",36,12612,1,4,47,1,2,0,1,"Bad"
"89",18,2249,4,3,30,1,2,0,1,"Good"
"90",12,1108,4,3,28,2,1,1,1,"Bad"
"91",12,618,4,4,56,1,1,1,1,"Good"
"92",12,1409,4,3,54,1,1,1,1,"Good"
"93",12,797,4,3,33,1,2,1,1,"Bad"
"94",24,3617,4,4,20,2,1,1,1,"Good"
"95",12,1318,4,4,54,1,1,0,1,"Good"
"96",54,15945,3,4,58,1,1,0,1,"Bad"
"97",12,2012,4,2,61,1,1,1,1,"Good"
"98",18,2622,4,4,34,1,1,1,1,"Good"
"99",36,2337,4,4,36,1,1,1,1,"Good"
"100",20,7057,3,4,36,2,2,0,1,"Good"
"101",24,1469,4,4,41,1,1,1,1,"Good"
"102",36,2323,4,4,24,1,1,1,1,"Good"
"103",6,932,3,2,24,1,1,1,1,"Good"
"104",9,1919,4,3,35,1,1,0,1,"Good"
"105",12,2445,2,4,26,1,1,0,1,"Good"
"106",24,11938,2,3,39,2,2,0,1,"Bad"
"107",18,6458,2,4,39,2,2,0,1,"Bad"
"108",12,6078,2,2,32,1,1,1,1,"Good"
"109",24,7721,1,2,30,1,1,0,0,"Good"
"110",14,1410,1,2,35,1,1,0,1,"Good"
"111",6,1449,1,2,31,2,2,1,1,"Good"
"112",15,392,4,4,23,1,1,0,1,"Good"
"113",18,6260,3,3,28,1,1,1,1,"Good"
"114",36,7855,4,2,25,2,1,0,1,"Bad"
"115",12,1680,3,1,35,1,1,1,1,"Good"
"116",48,3578,4,1,47,1,1,0,1,"Good"
"117",42,7174,4,3,30,1,1,0,1,"Bad"
"118",10,2132,2,3,27,2,1,1,0,"Good"
"119",33,4281,1,4,23,2,1,1,1,"Bad"
"120",12,2366,3,3,36,1,1,0,1,"Good"
"121",21,1835,3,2,25,2,1,0,1,"Bad"
"122",24,3868,4,2,41,2,1,0,1,"Good"
"123",12,1768,3,2,24,1,1,1,1,"Good"
"124",10,781,4,4,63,2,1,0,1,"Good"
"125",18,1924,4,3,27,1,1,1,1,"Bad"
"126",12,2121,4,2,30,2,1,1,1,"Good"
"127",12,701,4,2,40,1,1,1,1,"Good"
"128",12,639,4,2,30,1,1,1,1,"Bad"
"129",12,1860,4,2,34,2,1,0,1,"Good"
"130",12,3499,3,2,29,2,1,1,1,"Bad"
"131",48,8487,1,2,24,1,1,1,1,"Good"
"132",36,6887,4,3,29,1,1,0,1,"Bad"
"133",15,2708,2,3,27,2,1,1,1,"Good"
"134",18,1984,4,4,47,2,1,1,1,"Good"
"135",60,10144,2,4,21,1,1,0,1,"Good"
"136",12,1240,4,2,38,2,1,0,1,"Good"
"137",27,8613,2,2,27,2,1,1,1,"Good"
"138",12,766,4,3,66,1,1,1,1,"Bad"
"139",15,2728,4,2,35,3,1,0,1,"Good"
"140",12,1881,2,2,44,1,1,0,1,"Good"
"141",6,709,2,2,27,1,1,1,0,"Good"
"142",36,4795,4,1,30,1,1,0,1,"Good"
"143",27,3416,3,2,27,1,1,1,1,"Good"
"144",18,2462,2,2,22,1,1,1,1,"Bad"
"145",21,2288,4,4,23,1,1,0,1,"Good"
"146",48,3566,4,2,30,1,1,1,1,"Good"
"147",6,860,1,4,39,2,1,0,1,"Good"
"148",12,682,4,3,51,2,1,0,1,"Good"
"149",36,5371,3,2,28,2,1,1,1,"Good"
"150",18,1582,4,4,46,2,1,1,1,"Good"
"151",6,1346,2,4,42,1,2,0,1,"Good"
"152",10,1924,1,4,38,1,1,0,0,"Good"
"153",36,5848,4,1,24,1,1,1,1,"Good"
"154",24,7758,2,4,29,1,1,1,1,"Good"
"155",24,6967,4,4,36,1,1,0,1,"Good"
"156",12,1282,2,4,20,1,1,1,1,"Bad"
"157",9,1288,3,4,48,2,2,1,0,"Good"
"158",12,339,4,1,45,1,1,1,1,"Good"
"159",24,3512,2,3,38,2,1,0,1,"Good"
"160",6,1898,1,2,34,2,2,1,1,"Good"
"161",24,2872,3,4,36,1,2,0,1,"Good"
"162",18,1055,4,1,30,2,1,1,1,"Good"
"163",15,1262,4,3,36,2,1,0,1,"Good"
"164",10,7308,2,4,70,1,1,0,1,"Good"
"165",36,909,4,4,36,1,1,1,1,"Good"
"166",6,2978,1,2,32,1,1,0,1,"Good"
"167",18,1131,4,2,33,1,1,1,1,"Bad"
"168",11,1577,4,1,20,1,1,1,1,"Good"
"169",24,3972,2,4,25,1,1,0,1,"Good"
"170",24,1935,4,4,31,2,1,0,1,"Bad"
"171",15,950,4,3,33,2,2,1,1,"Bad"
"172",12,763,4,1,26,1,1,0,1,"Good"
"173",24,2064,3,2,34,1,1,0,1,"Bad"
"174",8,1414,4,2,33,1,1,1,0,"Good"
"175",21,3414,2,1,26,2,1,1,1,"Bad"
"176",30,7485,4,1,53,1,1,0,1,"Bad"
"177",12,2577,2,1,42,1,1,1,1,"Good"
"178",6,338,4,4,52,2,1,1,1,"Good"
"179",12,1963,4,2,31,2,2,0,1,"Good"
"180",21,571,4,4,65,2,1,1,1,"Good"
"181",36,9572,1,1,28,2,1,1,1,"Bad"
"182",36,4455,2,2,30,2,1,0,1,"Bad"
"183",21,1647,4,2,40,2,2,1,1,"Bad"
"184",24,3777,4,4,50,1,1,0,1,"Good"
"185",18,884,4,4,36,1,2,0,1,"Bad"
"186",15,1360,4,2,31,2,1,1,1,"Good"
"187",9,5129,2,4,74,1,2,0,1,"Bad"
"188",16,1175,2,3,68,3,1,0,1,"Good"
"189",12,674,4,1,20,1,1,1,1,"Bad"
"190",18,3244,1,4,33,2,1,0,1,"Good"
"191",24,4591,2,3,54,3,1,0,1,"Bad"
"192",48,3844,4,4,34,1,2,1,1,"Bad"
"193",27,3915,4,2,36,1,2,0,1,"Bad"
"194",6,2108,2,2,29,1,1,1,1,"Good"
"195",45,3031,4,4,21,1,1,1,1,"Bad"
"196",9,1501,2,3,34,2,1,0,1,"Bad"
"197",6,1382,1,1,28,2,1,0,1,"Good"
"198",12,951,4,4,27,4,1,1,1,"Bad"
"199",24,2760,4,4,36,1,1,0,1,"Good"
"200",18,4297,4,3,40,1,1,0,1,"Bad"
"201",9,936,4,2,52,2,1,0,1,"Good"
"202",12,1168,4,3,27,1,1,1,1,"Good"
"203",27,5117,3,4,26,2,1,1,1,"Good"
"204",12,902,4,4,21,1,1,1,1,"Bad"
"205",12,1495,4,1,38,2,2,1,1,"Good"
"206",30,10623,3,4,38,3,2,0,1,"Good"
"207",12,1935,4,4,43,3,1,0,1,"Good"
"208",12,1424,4,3,26,1,1,1,1,"Good"
"209",24,6568,2,2,21,1,1,1,1,"Good"
"210",12,1413,3,2,55,1,1,1,0,"Good"
"211",9,3074,1,2,33,2,2,1,1,"Good"
"212",36,3835,2,4,45,1,1,0,1,"Good"
"213",27,5293,2,4,50,2,1,0,1,"Bad"
"214",30,1908,4,4,66,1,1,0,1,"Bad"
"215",36,3342,4,2,51,1,1,0,1,"Good"
"216",6,932,1,3,39,2,1,1,1,"Good"
"217",18,3104,3,1,31,1,1,0,1,"Good"
"218",36,3913,2,2,23,1,1,0,1,"Good"
"219",24,3021,2,2,24,1,1,1,1,"Good"
"220",10,1364,2,4,64,1,1,0,1,"Good"
"221",12,625,4,1,26,1,1,1,1,"Good"
"222",12,1200,4,4,23,1,1,0,1,"Good"
"223",12,707,4,2,30,2,1,1,1,"Good"
"224",24,2978,4,4,32,2,2,0,1,"Good"
"225",15,4657,3,2,30,1,1,0,1,"Good"
"226",36,2613,4,2,27,2,1,1,1,"Good"
"227",48,10961,1,2,27,2,1,0,1,"Bad"
"228",12,7865,4,4,53,1,1,0,1,"Bad"
"229",9,1478,4,2,22,1,1,1,1,"Bad"
"230",24,3149,4,1,22,1,1,1,1,"Good"
"231",36,4210,4,2,26,1,1,1,1,"Bad"
"232",9,2507,2,4,51,1,1,1,1,"Good"
"233",12,2141,3,1,35,1,1,1,1,"Good"
"234",18,866,4,2,25,1,1,1,1,"Good"
"235",4,1544,2,1,42,3,2,1,1,"Good"
"236",24,1823,4,2,30,1,2,1,1,"Bad"
"237",6,14555,1,2,23,1,1,0,1,"Bad"
"238",21,2767,4,2,61,2,1,1,1,"Bad"
"239",12,1291,4,2,35,2,1,1,1,"Good"
"240",30,2522,1,3,39,1,2,1,1,"Good"
"241",24,915,4,2,29,1,1,1,1,"Bad"
"242",6,1595,3,2,51,1,2,1,1,"Good"
"243",48,4605,3,4,24,2,2,1,1,"Bad"
"244",12,1185,3,2,27,2,1,1,1,"Good"
"245",12,3447,4,3,35,1,2,1,1,"Good"
"246",24,1258,4,1,25,1,1,0,1,"Good"
"247",12,717,4,4,52,3,1,1,1,"Good"
"248",6,1204,4,1,35,1,1,1,0,"Good"
"249",24,1925,2,2,26,1,1,1,1,"Good"
"250",18,433,3,4,22,1,1,1,1,"Bad"
"251",6,666,3,4,39,2,1,0,1,"Good"
"252",12,2251,1,2,46,1,1,1,1,"Good"
"253",30,2150,4,2,24,1,1,1,1,"Bad"
"254",24,4151,2,3,35,2,1,1,1,"Good"
"255",9,2030,2,1,24,1,1,0,1,"Good"
"256",60,7418,1,1,27,1,1,1,1,"Good"
"257",24,2684,4,2,35,2,1,1,1,"Good"
"258",12,2149,4,1,29,1,1,1,1,"Bad"
"259",15,3812,1,4,23,1,1,0,1,"Good"
"260",11,1154,4,4,57,3,1,1,1,"Good"
"261",12,1657,2,2,27,1,1,1,1,"Good"
"262",24,1603,4,4,55,1,1,1,1,"Good"
"263",18,5302,2,4,36,3,1,0,1,"Good"
"264",12,2748,2,4,57,3,1,1,1,"Good"
"265",10,1231,3,4,32,2,2,1,0,"Good"
"266",15,802,4,3,37,1,2,1,1,"Bad"
"267",36,6304,4,4,36,2,1,1,1,"Good"
"268",24,1533,4,3,38,1,1,0,1,"Good"
"269",14,8978,1,4,45,1,1,0,0,"Bad"
"270",24,999,4,2,25,2,1,1,1,"Good"
"271",18,2662,4,3,32,1,1,1,0,"Good"
"272",12,1402,3,4,37,1,1,0,1,"Good"
"273",48,12169,4,4,36,1,1,0,1,"Good"
"274",48,3060,4,4,28,2,1,1,1,"Bad"
"275",30,11998,1,1,34,1,1,0,1,"Bad"
"276",9,2697,1,2,32,1,2,1,1,"Good"
"277",18,2404,2,2,26,2,1,1,1,"Good"
"278",12,1262,2,4,49,1,1,0,1,"Good"
"279",6,4611,1,4,32,1,1,1,1,"Bad"
"280",24,1901,4,4,29,1,1,0,1,"Good"
"281",15,3368,3,4,23,2,1,0,1,"Good"
"282",12,1574,4,2,50,1,1,1,1,"Good"
"283",18,1445,4,4,49,1,1,1,1,"Good"
"284",15,1520,4,4,63,1,1,1,1,"Good"
"285",24,3878,4,2,37,1,1,0,1,"Good"
"286",47,10722,1,1,35,1,1,0,1,"Good"
"287",48,4788,4,3,26,1,2,1,1,"Good"
"288",48,7582,2,4,31,1,1,0,1,"Good"
"289",12,1092,4,4,49,2,1,0,1,"Good"
"290",24,1024,4,4,48,1,1,1,1,"Bad"
"291",12,1076,2,2,26,1,1,0,0,"Good"
"292",36,9398,1,4,28,1,1,0,1,"Bad"
"293",24,6419,2,4,44,2,2,0,1,"Good"
"294",42,4796,4,4,56,1,1,1,1,"Good"
"295",48,7629,4,2,46,2,2,1,1,"Good"
"296",48,9960,1,2,26,1,1,0,1,"Bad"
"297",12,4675,1,4,20,1,1,1,1,"Good"
"298",10,1287,4,2,45,1,1,1,0,"Good"
"299",18,2515,3,4,43,1,1,0,1,"Good"
"300",21,2745,3,2,32,2,1,0,1,"Good"
"301",6,672,1,4,54,1,1,0,1,"Good"
"302",36,3804,4,1,42,1,1,0,1,"Bad"
"303",24,1344,4,2,37,2,2,1,1,"Bad"
"304",10,1038,4,3,49,2,1,0,1,"Good"
"305",48,10127,2,2,44,1,1,1,1,"Bad"
"306",6,1543,4,2,33,1,1,1,1,"Good"
"307",30,4811,2,4,24,1,1,1,1,"Good"
"308",12,727,4,3,33,1,1,0,1,"Bad"
"309",8,1237,3,4,24,1,1,1,1,"Bad"
"310",9,276,4,4,22,1,1,1,1,"Good"
"311",48,5381,3,4,40,1,1,0,1,"Good"
"312",24,5511,4,1,25,1,1,1,1,"Good"
"313",24,3749,2,4,26,1,1,1,1,"Good"
"314",12,685,2,3,25,1,1,1,1,"Bad"
"315",4,1494,1,2,29,1,2,1,0,"Good"
"316",36,2746,4,4,31,1,1,1,1,"Bad"
"317",12,708,2,3,38,1,2,1,1,"Good"
"318",24,4351,1,4,48,1,1,0,1,"Good"
"319",12,701,4,2,32,2,1,1,1,"Good"
"320",15,3643,1,4,27,2,1,1,1,"Good"
"321",30,4249,4,2,28,2,1,1,1,"Bad"
"322",24,1938,4,3,32,1,1,1,1,"Bad"
"323",24,2910,2,1,34,1,1,0,1,"Good"
"324",18,2659,4,2,28,1,1,1,1,"Good"
"325",18,1028,4,3,36,2,1,1,1,"Good"
"326",8,3398,1,4,39,2,1,1,0,"Good"
"327",12,5801,2,4,49,1,1,0,1,"Good"
"328",24,1525,4,3,34,1,2,0,1,"Good"
"329",36,4473,4,2,31,1,1,1,1,"Good"
"330",6,1068,4,4,28,1,2,1,1,"Good"
"331",24,6615,2,4,75,2,1,0,1,"Good"
"332",18,1864,4,2,30,2,1,1,1,"Bad"
"333",60,7408,4,2,24,1,1,1,1,"Bad"
"334",48,11590,2,4,24,2,1,1,1,"Bad"
"335",24,4110,3,4,23,2,2,1,1,"Bad"
"336",6,3384,1,4,44,1,1,0,1,"Bad"
"337",13,2101,2,4,23,1,1,1,1,"Good"
"338",15,1275,4,2,24,1,1,1,1,"Bad"
"339",24,4169,4,4,28,1,1,1,1,"Good"
"340",10,1521,4,2,31,1,1,1,1,"Good"
"341",24,5743,2,4,24,2,1,0,1,"Good"
"342",21,3599,1,4,26,1,1,1,1,"Good"
"343",18,3213,1,3,25,1,1,1,1,"Good"
"344",18,4439,1,1,33,1,1,0,1,"Good"
"345",10,3949,1,1,37,1,2,1,1,"Good"
"346",15,1459,4,2,43,1,1,1,1,"Good"
"347",13,882,4,4,23,2,1,1,1,"Good"
"348",24,3758,1,4,23,1,1,1,1,"Good"
"349",6,1743,1,2,34,2,1,1,1,"Good"
"350",9,1136,4,3,32,2,2,1,1,"Bad"
"351",9,1236,1,4,23,1,1,0,1,"Good"
"352",9,959,1,2,29,1,1,1,0,"Bad"
"353",18,3229,2,4,38,1,1,0,1,"Good"
"354",12,6199,4,2,28,2,1,0,1,"Bad"
"355",10,727,4,4,46,1,1,0,1,"Good"
"356",24,1246,4,2,23,1,1,1,1,"Bad"
"357",12,2331,1,4,49,1,1,0,1,"Good"
"358",36,4463,4,2,26,2,1,0,1,"Bad"
"359",12,776,4,2,28,1,1,1,1,"Good"
"360",30,2406,4,4,23,1,1,1,1,"Bad"
"361",18,1239,4,4,61,1,1,1,1,"Good"
"362",12,3399,2,3,37,1,1,1,1,"Good"
"363",12,2247,2,2,36,2,1,0,1,"Good"
"364",6,1766,1,2,21,1,1,1,1,"Good"
"365",18,2473,4,1,25,1,1,1,1,"Bad"
"366",12,1542,2,4,36,1,1,0,1,"Good"
"367",18,3850,3,1,27,2,1,1,1,"Good"
"368",18,3650,1,4,22,1,1,1,1,"Good"
"369",36,3446,4,2,42,1,2,1,1,"Bad"
"370",18,3001,2,4,40,1,1,1,1,"Good"
"371",36,3079,4,4,36,1,1,1,1,"Good"
"372",18,6070,3,4,33,2,1,0,1,"Good"
"373",10,2146,1,3,23,2,1,1,1,"Good"
"374",60,13756,2,4,63,1,1,0,1,"Good"
"375",60,14782,3,4,60,2,1,0,1,"Bad"
"376",48,7685,2,4,37,1,1,1,1,"Bad"
"377",18,2320,2,3,34,2,1,1,1,"Good"
"378",7,846,3,4,36,1,1,1,1,"Good"
"379",36,14318,4,2,57,1,1,0,1,"Bad"
"380",6,362,4,4,52,2,1,1,1,"Good"
"381",20,2212,4,4,39,1,1,0,1,"Good"
"382",18,12976,3,4,38,1,1,0,1,"Bad"
"383",22,1283,4,4,25,1,1,1,1,"Good"
"384",12,1330,4,1,26,1,1,1,1,"Good"
"385",30,4272,2,2,26,2,1,1,1,"Good"
"386",18,2238,2,1,25,2,1,1,1,"Good"
"387",18,1126,4,2,21,1,1,0,1,"Good"
"388",18,7374,4,4,40,2,1,0,1,"Good"
"389",15,2326,2,4,27,1,1,1,1,"Good"
"390",9,1449,3,2,27,2,1,1,1,"Good"
"391",18,1820,2,2,30,1,1,0,1,"Good"
"392",12,983,1,4,19,1,1,1,1,"Good"
"393",36,3249,2,4,39,1,2,0,1,"Good"
"394",6,1957,1,4,31,1,1,1,1,"Good"
"395",9,2406,2,3,31,1,1,1,1,"Good"
"396",39,11760,2,3,32,1,1,0,1,"Good"
"397",12,2578,3,4,55,1,1,1,1,"Good"
"398",36,2348,3,2,46,2,1,0,1,"Good"
"399",12,1223,1,1,46,2,1,1,1,"Bad"
"400",24,1516,4,1,43,2,1,1,1,"Good"
"401",18,1473,3,4,39,1,1,0,1,"Good"
"402",18,1887,4,4,28,2,1,1,1,"Good"
"403",24,8648,2,2,27,2,1,0,1,"Bad"
"404",14,802,4,2,27,2,1,1,1,"Good"
"405",18,2899,4,4,43,1,2,1,1,"Good"
"406",24,2039,1,1,22,1,1,0,1,"Bad"
"407",24,2197,4,4,43,2,2,0,1,"Good"
"408",15,1053,4,2,27,1,1,1,0,"Good"
"409",24,3235,3,2,26,1,1,0,1,"Good"
"410",12,939,4,2,28,3,1,0,1,"Bad"
"411",24,1967,4,4,20,1,1,0,1,"Good"
"412",33,7253,3,2,35,2,1,0,1,"Good"
"413",12,2292,4,2,42,2,1,0,1,"Bad"
"414",10,1597,3,2,40,1,2,1,0,"Good"
"415",24,1381,4,2,35,1,1,1,1,"Bad"
"416",36,5842,2,2,35,2,2,0,1,"Good"
"417",12,2579,4,1,33,1,2,1,1,"Bad"
"418",18,8471,1,2,23,2,1,0,1,"Good"
"419",21,2782,1,2,31,1,1,1,1,"Good"
"420",18,1042,4,2,33,1,1,1,1,"Bad"
"421",15,3186,2,3,20,1,1,1,1,"Good"
"422",12,2028,4,2,30,1,1,1,1,"Good"
"423",12,958,2,3,47,2,2,1,1,"Good"
"424",21,1591,4,3,34,2,1,1,1,"Good"
"425",12,2762,1,2,25,1,1,0,1,"Bad"
"426",18,2779,1,3,21,1,1,0,1,"Good"
"427",28,2743,4,2,29,2,1,1,1,"Good"
"428",18,1149,4,3,46,2,1,1,1,"Good"
"429",9,1313,1,4,20,1,1,1,1,"Good"
"430",18,1190,2,4,55,3,2,1,1,"Bad"
"431",5,3448,1,4,74,1,1,1,1,"Good"
"432",24,11328,2,3,29,2,1,0,1,"Bad"
"433",6,1872,4,4,36,3,1,0,1,"Good"
"434",24,2058,4,2,33,2,1,0,1,"Good"
"435",9,2136,3,2,25,1,1,1,1,"Good"
"436",12,1484,2,1,25,1,1,0,1,"Bad"
"437",6,660,2,4,23,1,1,1,1,"Good"
"438",24,1287,4,4,37,2,1,0,1,"Good"
"439",42,3394,4,4,65,2,1,1,1,"Good"
"440",12,609,4,1,26,1,1,1,1,"Bad"
"441",12,1884,4,4,39,1,1,0,1,"Good"
"442",12,1620,2,3,30,1,1,1,1,"Good"
"443",20,2629,2,3,29,2,1,0,1,"Good"
"444",12,719,4,4,41,1,2,1,1,"Bad"
"445",48,5096,2,3,30,1,1,0,1,"Bad"
"446",9,1244,4,4,41,2,1,1,1,"Good"
"447",36,1842,4,4,34,1,1,0,1,"Bad"
"448",7,2576,2,2,35,1,1,1,1,"Good"
"449",12,1424,3,4,55,1,1,0,1,"Good"
"450",15,1512,3,3,61,2,1,1,1,"Bad"
"451",36,11054,4,2,30,1,1,0,1,"Good"
"452",6,518,3,1,29,1,1,1,1,"Good"
"453",12,2759,2,4,34,2,1,1,1,"Good"
"454",24,2670,4,4,35,1,1,0,1,"Good"
"455",24,4817,2,3,31,1,1,0,1,"Bad"
"456",24,2679,4,1,29,1,1,0,1,"Good"
"457",11,3905,2,2,36,2,2,1,1,"Good"
"458",12,3386,3,4,35,1,1,0,1,"Bad"
"459",6,343,4,1,27,1,1,1,1,"Good"
"460",18,4594,3,2,32,1,1,0,1,"Good"
"461",36,3620,1,2,37,1,2,1,1,"Good"
"462",15,1721,2,3,36,1,1,1,1,"Good"
"463",12,3017,3,1,34,1,1,1,1,"Good"
"464",12,754,4,4,38,2,1,1,1,"Good"
"465",18,1950,4,1,34,2,1,0,1,"Good"
"466",24,2924,3,4,63,1,2,0,1,"Good"
"467",24,1659,4,2,29,1,1,0,1,"Bad"
"468",48,7238,3,3,32,2,2,1,1,"Good"
"469",33,2764,2,2,26,2,1,0,1,"Good"
"470",24,4679,3,3,35,2,1,0,1,"Good"
"471",24,3092,3,2,22,1,1,0,1,"Bad"
"472",6,448,4,4,23,1,1,1,1,"Bad"
"473",9,654,4,3,28,1,1,1,1,"Bad"
"474",6,1238,4,4,36,1,2,0,1,"Good"
"475",18,1245,4,2,33,1,1,1,1,"Bad"
"476",18,3114,1,4,26,1,1,1,1,"Bad"
"477",39,2569,4,4,24,1,1,1,1,"Good"
"478",24,5152,4,2,25,1,1,1,1,"Good"
"479",12,1037,3,4,39,1,1,1,1,"Good"
"480",15,1478,4,4,44,2,2,0,1,"Good"
"481",12,3573,1,1,23,1,1,1,1,"Good"
"482",24,1201,4,1,26,1,1,1,1,"Good"
"483",30,3622,4,4,57,2,1,0,1,"Good"
"484",15,960,3,2,30,2,1,1,1,"Good"
"485",12,1163,4,4,44,1,1,0,1,"Good"
"486",6,1209,4,4,47,1,1,0,1,"Bad"
"487",12,3077,2,4,52,1,1,0,1,"Good"
"488",24,3757,4,4,62,1,1,0,1,"Good"
"489",10,1418,3,2,35,1,1,1,0,"Good"
"490",6,3518,2,3,26,1,1,1,1,"Good"
"491",12,1934,2,2,26,2,1,1,1,"Good"
"492",27,8318,2,4,42,2,1,0,1,"Bad"
"493",6,1237,1,1,27,2,1,1,1,"Good"
"494",6,368,4,4,38,1,1,1,1,"Good"
"495",12,2122,3,2,39,2,2,1,0,"Good"
"496",24,2996,2,4,20,1,1,1,1,"Bad"
"497",36,9034,4,1,29,1,1,0,1,"Bad"
"498",24,1585,4,3,40,2,1,1,1,"Good"
"499",18,1301,4,2,32,1,1,1,1,"Good"
"500",6,1323,2,4,28,2,2,0,1,"Good"
"501",24,3123,4,1,27,1,1,1,1,"Bad"
"502",36,5493,2,4,42,1,2,1,1,"Good"
"503",9,1126,2,4,49,1,1,1,1,"Good"
"504",24,1216,4,4,38,2,2,1,1,"Bad"
"505",24,1207,4,4,24,1,1,1,1,"Bad"
"506",10,1309,4,4,27,1,1,1,1,"Bad"
"507",15,2360,2,2,36,1,1,0,1,"Good"
"508",15,6850,1,2,34,1,2,0,1,"Bad"
"509",24,1413,4,2,28,1,1,1,1,"Good"
"510",39,8588,4,2,45,1,1,0,1,"Good"
"511",12,759,4,2,26,1,1,1,1,"Bad"
"512",36,4686,2,2,32,1,1,0,1,"Good"
"513",15,2687,2,4,26,1,1,0,1,"Good"
"514",12,585,4,4,20,2,1,1,1,"Good"
"515",24,2255,4,1,54,1,1,1,1,"Good"
"516",6,609,4,3,37,2,1,1,0,"Good"
"517",6,1361,2,4,40,1,2,1,0,"Good"
"518",36,7127,2,4,23,2,1,0,1,"Bad"
"519",6,1203,3,2,43,1,1,0,1,"Good"
"520",6,700,4,4,36,2,1,1,1,"Good"
"521",24,5507,3,4,44,2,1,1,1,"Good"
"522",18,3190,2,2,24,1,1,1,1,"Bad"
"523",48,7119,3,4,53,2,2,1,1,"Bad"
"524",24,3488,3,4,23,1,1,1,1,"Good"
"525",18,1113,4,4,26,1,2,1,1,"Good"
"526",26,7966,2,3,30,2,1,1,1,"Good"
"527",15,1532,4,3,31,1,1,1,1,"Good"
"528",4,1503,2,1,42,2,2,1,1,"Good"
"529",36,2302,4,4,31,1,1,1,1,"Bad"
"530",6,662,3,4,41,1,2,0,1,"Good"
"531",36,2273,3,1,32,2,2,1,1,"Good"
"532",15,2631,2,4,28,2,1,0,1,"Bad"
"533",12,1503,4,4,41,1,1,1,1,"Good"
"534",24,1311,4,3,26,1,1,0,1,"Good"
"535",24,3105,4,2,25,2,1,1,1,"Good"
"536",21,2319,2,1,33,1,1,1,1,"Bad"
"537",6,1374,4,3,75,1,1,0,1,"Good"
"538",18,3612,3,4,37,1,1,0,1,"Good"
"539",48,7763,4,4,42,1,1,1,1,"Bad"
"540",18,3049,1,1,45,1,1,1,1,"Good"
"541",12,1534,1,1,23,1,1,1,1,"Bad"
"542",24,2032,4,4,60,2,1,0,1,"Good"
"543",30,6350,4,4,31,1,1,1,1,"Bad"
"544",18,2864,2,1,34,1,2,1,1,"Bad"
"545",12,1255,4,4,61,2,1,1,1,"Good"
"546",24,1333,4,2,43,2,2,1,1,"Bad"
"547",24,2022,4,4,37,1,1,0,1,"Good"
"548",24,1552,3,1,32,1,2,1,1,"Good"
"549",12,626,4,4,24,1,1,1,1,"Bad"
"550",48,8858,2,1,35,2,1,0,1,"Good"
"551",12,996,4,4,23,2,1,1,1,"Good"
"552",6,1750,2,4,45,1,2,1,1,"Good"
"553",48,6999,1,1,34,2,1,0,1,"Bad"
"554",12,1995,4,1,27,1,1,1,1,"Good"
"555",9,1199,4,4,67,2,1,0,1,"Good"
"556",12,1331,2,1,22,1,1,1,1,"Bad"
"557",18,2278,3,3,28,2,1,1,1,"Bad"
"558",21,5003,1,4,29,2,1,0,1,"Bad"
"559",24,3552,3,4,27,1,1,1,1,"Bad"
"560",18,1928,2,2,31,2,1,1,1,"Bad"
"561",24,2964,4,4,49,1,2,0,1,"Good"
"562",24,1546,4,4,24,1,1,1,1,"Bad"
"563",6,683,2,1,29,1,1,1,1,"Good"
"564",36,12389,1,4,37,1,1,0,1,"Bad"
"565",24,4712,4,2,37,2,1,0,1,"Good"
"566",24,1553,3,2,23,2,1,0,1,"Good"
"567",12,1372,2,3,36,1,1,1,1,"Bad"
"568",24,2578,2,2,34,1,1,1,1,"Good"
"569",48,3979,4,1,41,2,2,0,1,"Good"
"570",48,6758,3,2,31,1,1,0,1,"Bad"
"571",24,3234,4,4,23,1,1,0,1,"Bad"
"572",30,5954,3,2,38,1,1,1,1,"Good"
"573",24,5433,2,4,26,1,1,0,1,"Good"
"574",15,806,4,4,22,1,1,1,1,"Good"
"575",9,1082,4,4,27,2,1,1,1,"Good"
"576",15,2788,2,3,24,2,1,1,1,"Good"
"577",12,2930,2,1,27,1,1,1,1,"Good"
"578",24,1927,3,2,33,2,1,0,1,"Good"
"579",36,2820,4,4,27,2,1,1,1,"Bad"
"580",24,937,4,3,27,2,1,1,1,"Good"
"581",18,1056,3,3,30,2,1,1,1,"Bad"
"582",12,3124,1,3,49,2,2,1,1,"Good"
"583",9,1388,4,2,26,1,1,1,1,"Good"
"584",36,2384,4,1,33,1,1,1,1,"Bad"
"585",12,2133,4,4,52,1,1,0,1,"Good"
"586",18,2039,1,4,20,1,1,1,1,"Bad"
"587",9,2799,2,2,36,2,2,1,1,"Good"
"588",12,1289,4,1,21,1,1,1,1,"Good"
"589",18,1217,4,3,47,1,1,0,1,"Bad"
"590",12,2246,3,3,60,2,1,1,1,"Bad"
"591",12,385,4,3,58,4,1,0,1,"Good"
"592",24,1965,4,4,42,2,1,0,1,"Good"
"593",21,1572,4,4,36,1,1,1,1,"Good"
"594",24,2718,3,4,20,1,1,0,1,"Bad"
"595",24,1358,4,3,40,1,1,0,1,"Bad"
"596",6,931,1,1,32,1,1,1,1,"Bad"
"597",24,1442,4,4,23,2,1,1,1,"Bad"
"598",24,4241,1,4,36,3,1,0,1,"Bad"
"599",18,2775,2,2,31,2,1,1,1,"Bad"
"600",24,3863,1,2,32,1,1,1,1,"Good"
"601",7,2329,1,1,45,1,1,1,1,"Good"
"602",9,918,4,1,30,1,1,1,1,"Bad"
"603",24,1837,4,4,34,1,1,1,1,"Bad"
"604",36,3349,4,2,28,1,1,0,1,"Bad"
"605",10,1275,4,2,23,1,1,1,1,"Good"
"606",24,2828,4,4,22,1,1,0,1,"Good"
"607",24,4526,3,2,74,1,1,0,1,"Good"
"608",36,2671,4,4,50,1,1,1,1,"Bad"
"609",18,2051,4,1,33,1,1,1,1,"Good"
"610",15,1300,4,4,45,1,2,1,1,"Good"
"611",12,741,4,3,22,1,1,1,1,"Bad"
"612",10,1240,1,4,48,1,2,1,1,"Bad"
"613",21,3357,4,2,29,1,1,1,1,"Good"
"614",24,3632,1,4,22,1,1,1,0,"Good"
"615",18,1808,4,1,22,1,1,1,1,"Bad"
"616",48,12204,2,2,48,1,1,0,1,"Good"
"617",60,9157,2,2,27,1,1,1,1,"Good"
"618",6,3676,1,3,37,3,2,1,1,"Good"
"619",30,3441,2,4,21,1,1,1,1,"Bad"
"620",12,640,4,2,49,1,1,1,1,"Good"
"621",21,3652,2,3,27,2,1,1,1,"Good"
"622",18,1530,3,2,32,2,1,1,1,"Bad"
"623",48,3914,4,2,38,1,1,1,1,"Bad"
"624",12,1858,4,1,22,1,1,1,1,"Good"
"625",18,2600,4,4,65,2,1,1,1,"Bad"
"626",15,1979,4,2,35,1,1,1,1,"Good"
"627",6,2116,2,2,41,1,1,0,1,"Good"
"628",9,1437,2,3,29,1,1,1,1,"Bad"
"629",42,4042,4,4,36,2,1,0,1,"Good"
"630",9,3832,1,4,64,1,1,1,1,"Good"
"631",24,3660,2,4,28,1,1,1,1,"Good"
"632",18,1553,4,3,44,1,1,1,1,"Bad"
"633",15,1444,4,1,23,1,1,1,1,"Good"
"634",9,1980,2,2,19,2,1,1,1,"Bad"
"635",24,1355,3,4,25,1,1,0,1,"Bad"
"636",12,1393,4,4,47,3,2,0,1,"Good"
"637",24,1376,4,1,28,1,1,1,1,"Good"
"638",60,15653,2,4,21,2,1,0,1,"Good"
"639",12,1493,4,3,34,1,2,1,1,"Good"
"640",42,4370,3,2,26,2,2,0,1,"Bad"
"641",18,750,4,1,27,1,1,1,1,"Bad"
"642",15,1308,4,4,38,2,1,1,1,"Good"
"643",15,4623,3,2,40,1,1,0,1,"Bad"
"644",24,1851,4,2,33,2,1,0,1,"Good"
"645",18,1880,4,1,32,2,1,0,1,"Good"
"646",36,7980,4,4,27,2,1,0,1,"Bad"
"647",30,4583,2,2,32,2,1,1,1,"Good"
"648",12,1386,2,2,26,1,1,1,1,"Bad"
"649",24,947,4,3,38,1,2,1,1,"Bad"
"650",12,684,4,4,40,1,2,1,1,"Bad"
"651",48,7476,4,1,50,1,1,0,1,"Good"
"652",12,1922,4,2,37,1,1,1,1,"Bad"
"653",24,2303,4,1,45,1,1,1,1,"Bad"
"654",36,8086,2,4,42,4,1,0,1,"Bad"
"655",24,2346,4,3,35,2,1,0,1,"Good"
"656",14,3973,1,4,22,1,1,1,1,"Good"
"657",12,888,4,4,41,1,2,1,1,"Bad"
"658",48,10222,4,3,37,1,1,0,1,"Good"
"659",30,4221,2,1,28,2,1,1,1,"Good"
"660",18,6361,2,1,41,1,1,0,1,"Good"
"661",12,1297,3,4,23,1,1,1,1,"Good"
"662",12,900,4,2,23,1,1,1,1,"Bad"
"663",21,2241,4,2,50,2,1,1,1,"Good"
"664",6,1050,4,1,35,2,1,0,1,"Good"
"665",6,1047,2,4,50,1,1,1,1,"Good"
"666",24,6314,4,2,27,2,1,0,1,"Good"
"667",30,3496,4,2,34,1,2,0,1,"Good"
"668",48,3609,1,1,27,1,1,1,1,"Good"
"669",12,4843,3,4,43,2,1,0,1,"Bad"
"670",30,3017,4,4,47,1,1,1,1,"Good"
"671",24,4139,3,3,27,2,1,0,1,"Good"
"672",36,5742,2,2,31,2,1,0,1,"Good"
"673",60,10366,2,4,42,1,1,0,1,"Good"
"674",6,2080,1,2,24,1,1,1,1,"Good"
"675",21,2580,4,2,41,1,2,1,1,"Bad"
"676",30,4530,4,4,26,1,1,0,1,"Good"
"677",24,5150,4,4,33,1,1,0,1,"Good"
"678",72,5595,2,2,24,1,1,1,1,"Bad"
"679",24,2384,4,4,64,1,1,1,1,"Good"
"680",18,1453,3,1,26,1,1,1,1,"Good"
"681",6,1538,1,2,56,1,1,1,1,"Good"
"682",12,2279,4,4,37,1,1,0,1,"Good"
"683",15,1478,4,3,33,2,1,1,1,"Good"
"684",24,5103,3,3,47,3,1,0,1,"Good"
"685",36,9857,1,3,31,2,2,0,1,"Good"
"686",60,6527,4,4,34,1,2,0,1,"Good"
"687",10,1347,4,2,27,2,1,0,1,"Good"
"688",36,2862,4,3,30,1,1,1,1,"Good"
"689",9,2753,3,4,35,1,1,0,1,"Good"
"690",12,3651,1,3,31,1,2,1,1,"Good"
"691",15,975,2,3,25,2,1,1,1,"Good"
"692",15,2631,3,2,25,1,1,1,1,"Good"
"693",24,2896,2,1,29,1,1,1,1,"Good"
"694",6,4716,1,3,44,2,2,1,1,"Good"
"695",24,2284,4,2,28,1,1,0,1,"Good"
"696",6,1236,2,4,50,1,1,1,1,"Good"
"697",12,1103,4,3,29,2,1,1,0,"Good"
"698",12,926,1,2,38,1,1,1,1,"Good"
"699",18,1800,4,2,24,2,1,1,1,"Good"
"700",15,1905,4,4,40,1,1,0,1,"Good"
"701",12,1123,4,4,29,1,1,1,1,"Bad"
"702",48,6331,4,4,46,2,1,0,1,"Bad"
"703",24,1377,4,2,47,1,1,0,1,"Good"
"704",30,2503,4,2,41,2,1,1,1,"Good"
"705",27,2528,4,1,32,1,2,0,1,"Good"
"706",15,5324,1,4,35,1,1,1,1,"Good"
"707",48,6560,3,2,24,1,1,1,1,"Bad"
"708",12,2969,4,3,25,2,1,1,1,"Bad"
"709",9,1206,4,4,25,1,1,1,1,"Good"
"710",9,2118,2,2,37,1,2,1,1,"Good"
"711",18,629,4,3,32,2,1,0,1,"Good"
"712",6,1198,4,4,35,1,1,1,1,"Bad"
"713",21,2476,4,4,46,1,1,0,1,"Good"
"714",9,1138,4,4,25,2,1,1,1,"Good"
"715",60,14027,4,2,27,1,1,0,1,"Bad"
"716",30,7596,1,4,63,2,1,1,1,"Good"
"717",30,3077,3,2,40,2,2,0,1,"Good"
"718",18,1505,4,2,32,1,1,0,1,"Good"
"719",24,3148,3,2,31,2,1,0,1,"Good"
"720",20,6148,3,4,31,2,1,0,1,"Good"
"721",9,1337,4,2,34,2,1,0,1,"Bad"
"722",6,433,4,2,24,1,2,1,1,"Bad"
"723",12,1228,4,2,24,1,1,1,1,"Bad"
"724",9,790,4,3,66,1,1,1,1,"Good"
"725",27,2570,3,3,21,1,1,1,1,"Bad"
"726",6,250,2,2,41,2,1,1,1,"Good"
"727",15,1316,2,2,47,2,1,1,1,"Good"
"728",18,1882,4,4,25,2,1,1,1,"Bad"
"729",48,6416,4,3,59,1,1,1,1,"Bad"
"730",24,1275,2,4,36,2,1,0,1,"Good"
"731",24,6403,1,2,33,1,1,1,1,"Good"
"732",24,1987,2,4,21,1,2,1,1,"Bad"
"733",8,760,4,2,44,1,1,1,1,"Good"
"734",24,2603,2,4,28,1,1,0,1,"Good"
"735",4,3380,1,1,37,1,2,1,1,"Good"
"736",36,3990,3,2,29,1,1,1,1,"Good"
"737",24,11560,1,4,23,2,1,1,1,"Bad"
"738",18,4380,3,4,35,1,2,0,1,"Good"
"739",6,6761,1,3,45,2,2,0,1,"Good"
"740",30,4280,4,4,26,2,1,1,1,"Bad"
"741",24,2325,2,3,32,1,1,1,1,"Good"
"742",10,1048,4,4,23,1,1,1,1,"Good"
"743",21,3160,4,3,41,1,1,0,1,"Good"
"744",24,2483,4,4,22,1,1,0,1,"Good"
"745",39,14179,4,4,30,2,1,0,1,"Good"
"746",13,1797,3,1,28,2,1,1,1,"Good"
"747",15,2511,1,4,23,1,1,1,1,"Good"
"748",12,1274,3,1,37,1,1,1,1,"Bad"
"749",21,5248,1,3,26,1,1,1,1,"Good"
"750",15,3029,2,2,33,1,1,1,1,"Good"
"751",6,428,2,1,49,1,1,0,1,"Good"
"752",18,976,1,2,23,1,1,1,1,"Bad"
"753",12,841,2,4,23,1,1,1,1,"Good"
"754",30,5771,4,2,25,2,1,1,1,"Good"
"755",12,1555,4,4,55,2,2,1,1,"Bad"
"756",24,1285,4,4,32,1,1,1,1,"Bad"
"757",6,1299,1,1,74,3,2,1,0,"Good"
"758",15,1271,3,4,39,2,1,0,1,"Bad"
"759",24,1393,2,2,31,1,1,0,1,"Good"
"760",12,691,4,3,35,2,1,1,1,"Bad"
"761",15,5045,1,4,59,1,1,0,1,"Good"
"762",18,2124,4,4,24,2,1,1,1,"Bad"
"763",12,2214,4,3,24,1,1,1,1,"Good"
"764",21,12680,4,4,30,1,1,0,1,"Bad"
"765",24,2463,4,3,27,2,1,0,1,"Good"
"766",12,1155,3,3,40,2,1,1,1,"Good"
"767",30,3108,2,4,31,1,1,1,1,"Bad"
"768",10,2901,1,4,31,1,1,1,1,"Good"
"769",12,3617,1,4,28,3,1,0,1,"Good"
"770",12,1655,2,4,63,2,1,0,1,"Good"
"771",24,2812,2,4,26,1,1,1,1,"Good"
"772",36,8065,3,2,25,2,1,0,1,"Bad"
"773",21,3275,1,4,36,1,1,0,1,"Good"
"774",24,2223,4,4,52,2,1,1,1,"Good"
"775",12,1480,2,4,66,3,1,1,1,"Good"
"776",24,1371,4,4,25,1,1,1,1,"Bad"
"777",36,3535,4,4,37,2,1,0,1,"Good"
"778",18,3509,4,1,25,1,1,1,1,"Good"
"779",36,5711,4,2,38,2,1,0,1,"Good"
"780",18,3872,2,4,67,1,1,0,1,"Good"
"781",39,4933,2,2,25,2,1,1,1,"Bad"
"782",24,1940,4,4,60,1,1,0,1,"Good"
"783",12,1410,2,2,31,1,1,0,1,"Good"
"784",12,836,4,2,23,1,1,1,1,"Bad"
"785",20,6468,1,4,60,1,1,0,1,"Good"
"786",18,1941,4,2,35,1,1,0,1,"Good"
"787",22,2675,3,4,40,1,1,1,1,"Good"
"788",48,2751,4,3,38,2,2,0,1,"Good"
"789",48,6224,4,4,50,1,1,1,1,"Bad"
"790",40,5998,4,3,27,1,1,0,1,"Bad"
"791",21,1188,2,4,39,1,2,1,1,"Bad"
"792",24,6313,3,4,41,1,2,0,1,"Good"
"793",6,1221,1,2,27,2,1,1,1,"Good"
"794",24,2892,3,4,51,1,1,1,1,"Good"
"795",24,3062,4,3,32,1,1,0,1,"Good"
"796",9,2301,2,4,22,1,1,1,1,"Good"
"797",18,7511,1,4,51,1,2,0,1,"Bad"
"798",12,1258,2,4,22,2,1,1,1,"Good"
"799",24,717,4,4,54,2,1,0,1,"Good"
"800",9,1549,4,2,35,1,1,1,1,"Good"
"801",24,1597,4,4,54,2,2,1,1,"Good"
"802",18,1795,3,4,48,2,1,0,1,"Good"
"803",20,4272,1,4,24,2,1,1,1,"Good"
"804",12,976,4,4,35,2,1,1,1,"Good"
"805",12,7472,1,2,24,1,1,1,1,"Good"
"806",36,9271,2,1,24,1,1,0,1,"Bad"
"807",6,590,3,3,26,1,1,1,0,"Good"
"808",12,930,4,4,65,4,1,1,1,"Good"
"809",42,9283,1,2,55,1,1,0,1,"Good"
"810",15,1778,2,1,26,2,1,1,1,"Bad"
"811",8,907,3,2,26,1,1,0,1,"Good"
"812",6,484,3,3,28,1,1,1,1,"Good"
"813",36,9629,4,4,24,2,1,0,1,"Bad"
"814",48,3051,3,4,54,1,1,1,1,"Bad"
"815",48,3931,4,4,46,1,2,1,1,"Bad"
"816",36,7432,2,2,54,1,1,1,1,"Good"
"817",6,1338,1,4,62,1,1,1,1,"Good"
"818",6,1554,1,2,24,2,1,0,1,"Good"
"819",36,15857,2,3,43,1,1,1,1,"Good"
"820",18,1345,4,3,26,1,1,1,1,"Bad"
"821",12,1101,3,2,27,2,1,0,1,"Good"
"822",12,3016,3,1,24,1,1,1,1,"Good"
"823",36,2712,2,2,41,1,2,1,1,"Bad"
"824",8,731,4,4,47,2,1,1,1,"Good"
"825",18,3780,3,2,35,2,1,0,1,"Good"
"826",21,1602,4,3,30,2,1,0,1,"Good"
"827",18,3966,1,4,33,3,1,0,1,"Bad"
"828",18,4165,2,2,36,2,2,1,1,"Bad"
"829",36,8335,3,4,47,1,1,1,1,"Bad"
"830",48,6681,4,4,38,1,2,0,1,"Good"
"831",24,2375,4,2,44,2,2,0,1,"Good"
"832",18,1216,4,3,23,1,1,0,1,"Bad"
"833",45,11816,2,4,29,2,1,1,1,"Bad"
"834",24,5084,2,4,42,1,1,0,1,"Good"
"835",15,2327,2,3,25,1,1,1,1,"Bad"
"836",12,1082,4,4,48,2,1,1,1,"Bad"
"837",12,886,4,2,21,1,1,1,1,"Good"
"838",4,601,1,3,23,1,2,1,1,"Good"
"839",24,2957,4,4,63,2,1,0,1,"Good"
"840",24,2611,4,3,46,2,1,1,1,"Good"
"841",36,5179,4,2,29,1,1,1,1,"Bad"
"842",21,2993,3,2,28,2,1,1,1,"Good"
"843",18,1943,4,4,23,1,1,1,1,"Bad"
"844",24,1559,4,4,50,1,1,0,1,"Good"
"845",18,3422,4,4,47,3,2,0,1,"Good"
"846",21,3976,2,3,35,1,1,0,1,"Good"
"847",18,6761,2,4,68,2,1,1,1,"Bad"
"848",24,1249,4,2,28,1,1,1,1,"Good"
"849",9,1364,3,4,59,1,1,1,1,"Good"
"850",12,709,4,4,57,1,1,1,1,"Bad"
"851",20,2235,4,2,33,2,1,1,0,"Bad"
"852",24,4042,3,4,43,2,1,0,1,"Good"
"853",15,1471,4,4,35,2,1,0,1,"Good"
"854",18,1442,4,4,32,2,2,1,1,"Bad"
"855",36,10875,2,2,45,2,2,0,1,"Good"
"856",24,1474,4,3,33,1,1,0,1,"Good"
"857",10,894,4,3,40,1,1,0,1,"Good"
"858",15,3343,4,2,28,1,1,0,1,"Good"
"859",15,3959,3,2,29,1,1,0,1,"Bad"
"860",9,3577,1,2,26,1,2,1,0,"Good"
"861",24,5804,4,2,27,2,1,1,1,"Good"
"862",18,2169,4,2,28,1,1,0,1,"Bad"
"863",24,2439,4,4,35,1,1,0,1,"Bad"
"864",27,4526,4,2,32,2,2,0,1,"Good"
"865",10,2210,2,2,25,1,1,1,1,"Bad"
"866",15,2221,2,4,20,1,1,1,1,"Good"
"867",18,2389,4,1,27,1,1,1,1,"Good"
"868",12,3331,2,4,42,1,1,1,1,"Good"
"869",36,7409,3,2,37,2,1,1,1,"Good"
"870",12,652,4,4,24,1,1,1,1,"Good"
"871",36,7678,2,4,40,2,1,0,1,"Good"
"872",6,1343,1,4,46,2,2,1,0,"Good"
"873",24,1382,4,1,26,2,1,0,1,"Good"
"874",15,874,4,1,24,1,1,1,1,"Good"
"875",12,3590,2,2,29,1,2,1,1,"Good"
"876",11,1322,4,4,40,2,1,1,1,"Good"
"877",18,1940,3,4,36,1,1,0,1,"Good"
"878",36,3595,4,2,28,1,1,1,1,"Good"
"879",9,1422,3,2,27,1,1,0,1,"Bad"
"880",30,6742,2,3,36,2,1,1,1,"Good"
"881",24,7814,3,3,38,1,1,0,1,"Good"
"882",24,9277,2,4,48,1,1,0,1,"Good"
"883",30,2181,4,4,36,2,1,1,1,"Good"
"884",18,1098,4,4,65,2,1,1,1,"Good"
"885",24,4057,3,3,43,1,1,0,1,"Bad"
"886",12,795,4,4,53,1,1,1,1,"Bad"
"887",24,2825,4,3,34,2,2,0,1,"Good"
"888",48,15672,2,2,23,1,1,0,1,"Bad"
"889",36,6614,4,4,34,2,1,0,1,"Good"
"890",28,7824,3,4,40,2,2,0,1,"Good"
"891",27,2442,4,4,43,4,2,0,1,"Good"
"892",15,1829,4,4,46,2,1,0,1,"Good"
"893",12,2171,4,4,38,2,1,1,0,"Good"
"894",36,5800,3,4,34,2,1,0,1,"Good"
"895",18,1169,4,3,29,2,1,0,1,"Good"
"896",36,8947,3,2,31,1,2,0,1,"Good"
"897",21,2606,4,4,28,1,1,0,1,"Good"
"898",12,1592,3,2,35,1,1,1,0,"Good"
"899",15,2186,1,4,33,1,1,1,1,"Good"
"900",18,4153,2,3,42,1,1,1,1,"Bad"
"901",16,2625,2,4,43,1,1,0,1,"Bad"
"902",20,3485,2,4,44,2,1,0,1,"Good"
"903",36,10477,2,4,42,2,1,1,1,"Good"
"904",15,1386,4,2,40,1,1,0,1,"Good"
"905",24,1278,4,1,36,1,1,0,1,"Good"
"906",12,1107,2,2,20,1,2,0,1,"Good"
"907",21,3763,2,2,24,1,1,1,0,"Good"
"908",36,3711,2,2,27,1,1,1,1,"Good"
"909",15,3594,1,2,46,2,1,1,1,"Good"
"910",9,3195,1,2,33,1,1,1,1,"Good"
"911",36,4454,4,4,34,2,1,1,1,"Good"
"912",24,4736,2,4,25,1,1,1,1,"Bad"
"913",30,2991,2,4,25,1,1,1,1,"Good"
"914",11,2142,1,2,28,1,1,0,1,"Good"
"915",24,3161,4,2,31,1,1,0,1,"Bad"
"916",48,18424,1,2,32,1,1,0,0,"Bad"
"917",10,2848,1,2,32,1,2,1,1,"Good"
"918",6,14896,1,4,68,1,1,0,1,"Bad"
"919",24,2359,1,1,33,1,1,1,1,"Bad"
"920",24,3345,4,2,39,1,1,0,1,"Bad"
"921",18,1817,4,2,28,2,1,1,1,"Good"
"922",48,12749,4,1,37,1,1,0,1,"Good"
"923",9,1366,3,4,22,1,1,1,1,"Bad"
"924",12,2002,3,4,30,1,2,0,1,"Good"
"925",24,6872,2,1,55,1,1,0,1,"Bad"
"926",12,697,4,2,46,2,1,0,1,"Bad"
"927",18,1049,4,4,21,1,1,1,1,"Good"
"928",48,10297,4,4,39,3,2,0,1,"Bad"
"929",30,1867,4,4,58,1,1,0,1,"Good"
"930",12,1344,4,2,43,2,2,1,1,"Good"
"931",24,1747,4,1,24,1,1,1,0,"Good"
"932",9,1670,4,2,22,1,1,0,1,"Bad"
"933",9,1224,3,1,30,2,1,1,1,"Good"
"934",12,522,4,4,42,2,2,0,1,"Good"
"935",12,1498,4,1,23,1,1,1,1,"Good"
"936",30,1919,4,3,30,2,1,1,1,"Bad"
"937",9,745,3,2,28,1,1,1,1,"Bad"
"938",6,2063,4,3,30,1,1,0,1,"Good"
"939",60,6288,4,4,42,1,1,1,1,"Bad"
"940",24,6842,2,4,46,2,2,0,1,"Good"
"941",12,3527,2,3,45,1,2,0,1,"Good"
"942",10,1546,3,2,31,1,2,1,0,"Good"
"943",24,929,4,2,31,1,1,0,1,"Good"
"944",4,1455,2,1,42,3,2,1,1,"Good"
"945",15,1845,4,1,46,1,1,1,1,"Good"
"946",48,8358,1,1,30,2,1,1,1,"Good"
"947",24,3349,4,4,30,1,2,0,1,"Bad"
"948",12,2859,4,4,38,1,1,0,1,"Good"
"949",18,1533,4,1,43,1,2,1,1,"Bad"
"950",24,3621,2,4,31,2,1,1,1,"Bad"
"951",18,3590,3,3,40,3,2,0,1,"Good"
"952",36,2145,2,1,24,2,1,0,1,"Bad"
"953",24,4113,3,4,28,1,1,1,1,"Bad"
"954",36,10974,4,2,26,2,1,0,1,"Bad"
"955",12,1893,4,4,29,1,1,0,1,"Good"
"956",24,1231,4,4,57,2,1,0,1,"Good"
"957",30,3656,4,4,49,2,1,1,1,"Good"
"958",9,1154,2,4,37,3,1,1,1,"Good"
"959",28,4006,3,2,45,1,1,1,1,"Bad"
"960",24,3069,4,4,30,1,1,1,1,"Good"
"961",6,1740,2,2,30,2,1,1,1,"Good"
"962",21,2353,1,4,47,2,1,1,1,"Good"
"963",15,3556,3,2,29,1,1,1,1,"Good"
"964",24,2397,3,2,35,2,1,0,1,"Bad"
"965",6,454,3,1,22,1,1,1,1,"Good"
"966",30,1715,4,1,26,1,1,1,1,"Good"
"967",27,2520,4,2,23,2,1,1,1,"Bad"
"968",15,3568,4,2,54,1,1,0,1,"Good"
"969",42,7166,2,4,29,1,1,0,1,"Good"
"970",11,3939,1,2,40,2,2,1,1,"Good"
"971",15,1514,4,2,22,1,1,1,1,"Good"
"972",24,7393,1,4,43,1,2,1,1,"Good"
"973",24,1193,1,4,29,2,1,1,1,"Bad"
"974",60,7297,4,4,36,1,1,1,1,"Bad"
"975",30,2831,4,2,33,1,1,0,1,"Good"
"976",24,1258,3,3,57,1,1,1,1,"Good"
"977",6,753,2,3,64,1,1,1,1,"Good"
"978",18,2427,4,2,42,2,1,1,1,"Good"
"979",24,2538,4,4,47,2,2,1,1,"Bad"
"980",15,1264,2,2,25,1,1,1,1,"Bad"
"981",30,8386,2,2,49,1,1,1,1,"Bad"
"982",48,4844,3,2,33,1,1,0,1,"Bad"
"983",21,2923,1,1,28,1,1,0,1,"Good"
"984",36,8229,2,2,26,1,2,1,1,"Bad"
"985",24,2028,2,2,30,2,1,1,1,"Good"
"986",15,1433,4,3,25,2,1,1,1,"Good"
"987",42,6289,2,1,33,2,1,1,1,"Good"
"988",13,1409,2,4,64,1,1,1,1,"Good"
"989",24,6579,4,2,29,1,1,0,1,"Good"
"990",24,1743,4,2,48,2,1,1,1,"Good"
"991",12,3565,2,1,37,2,2,1,1,"Good"
"992",15,1569,4,4,34,1,2,1,1,"Good"
"993",18,1936,2,4,23,2,1,1,1,"Good"
"994",36,3959,4,3,30,1,1,0,1,"Good"
"995",12,2390,4,3,50,1,1,0,1,"Good"
"996",12,1736,3,4,31,1,1,1,1,"Good"
"997",30,3857,4,4,40,1,1,0,1,"Good"
"998",12,804,4,4,38,1,1,1,1,"Good"
"999",45,1845,4,4,23,1,1,0,1,"Bad"
"1000",45,4576,3,4,27,1,1,1,1,"Good"
